TSS start	Direction	Translation start	Length (n)	Locus	Name	Product	Sequence of the riboswitch from TSS until start codon
75290	-	74962	328	llmg_0079	trpS	tryptophanyl-tRNA synthetase II	AACAAGAAAGTAACTTTGATTTTGAAATCTCTAGGAAGTTGGTGGTTGTGTAAACCAACGTTTTCAGCAAGGTGAATGGGCTTGTTATTAATTAATGAATTTGATTTAAAAAAATAATGAATCACGGCCGCTTCCGTTACACAGCAACCTGTTTACTGACAGGTCTTAAGAAAATCATTTGATTTTAAAATTACGGTGGCACCGCGCTCAAAAGCGCCCGTAGGACTTTTTATAGTTCTACGGGTGCTTTTTTTATTTTTTTATTAGGTGTAAACCAGTTTACACTGTTCAAATAAACAAACTAAACTCATCTACAAAGGAGAAAAAA
88032	-	87913	119	llmg_0091	cysD	O-acetylhomoserine sulfhydrylase	AAGTTTTATAGCACAAAGGAGAAAGCTATGGTACAAGAATTGCTGACGAATAATCAACGAATGTGATCAATAAGTATTTTAAATTCTAATCTTAAACTTTTCAAATAGGAGAAAAAAAT
93346	+	93484	138	llmg_0100	cadA	cation-transporting ATPase	AACTTATCGGATTACTTAAAAATTTAAGCTCAGCCTCGAAAGAATCAAAGCGGCGTAAGGAGAAGACATTCAGGTCGTAAAAACTCCAAACAAAGCAGGGCAATGTTCTAGGACAATTAAATTTTTAAGGAGAAATGA
105679	+	105797	118	llmg_0113	relA	GTP pyrophosphokinase	ATTAAGTGAAATCAACCTTAACTTATAAAATTTGATGAGATAATACATTAATCCAATAAGGAGGAAAACTGGCCACCATTTTAAAGTTTATTTTTAAAATGGTCTAGTATATCAAGCT
126531	+	126644	113	llmg_0132	sugE	small multidrug resistance protein	AAAATAGAATAAATACTCCACCGGGAGTTAAATCGTATGAACGATTGTTTGCATTTCAGTAGGTCTGAGAAGAAATGTAGATAGTCGTTCTTTTTTTAGCTGAGGAGGCGAAA
130987	+	131117	142	llmg_0136	NaN	sensor protein kinase	ATCAAAAGAGAATAAGGGTTTTGATAACATTTTTGTTTTTTTAGTGAATGTATAAATTTTGAGTTGATTGCGTATAGGTTTAAAAAAGCAAAGAATATTATAAAGAAGAGAGGGAGAATAAGCTTAATAA
143916	+	144067	151	llmg_0150		hypothetical protein	GTATCTAAGAAATTTTTAATGAGATATTTCTGTCAGTATTAGAAAATGTAAAGTTCTCTAAAGATGAGAAAGTTAAGTAACTGACAGAAGTGAAATTATTAGTTTTTAGTTTGATCTGGCTTTTTACAGATAAATTTAAAGGAGGTGTCTT
182495	+	182618	123	llmg_0194		ribosomal RNA large subunit methyltransferase N	TTATGGATTCCTTAAACATTTGGAATTGAAAATAATTAGACGAATATAAAGTAGTTTTGATTGTGTATTCAAGGGATATGAAATCGTTCACAATTAGAATTCTACATAACGATAAGGAAAATA
183859	+	183963	104	llmg_0195		NADH dehydrogenase	AAGTAAAAGAAAACAGGTGTCTGCTCTACTAGACTTAGAAATTGCTTAGACCAATTTCATAGCGACTATTCAGCTGCATCCTATAAGAGAAATAGAGGAGTATC
191278	+	191414	136	llmg_0201	msrB	methionine sulfoxide reductase B	TACTCAAAGAGTGATTTTGATTTTTATAGGGTTTGATTGCGCTGAAAACTCAGCAGTGTAAACTATTTGTCAACTTAGTTTACACCAATGTCAAAAGGGTTGACAATCAATAATCACTTACAAGAAAGGAAAGTTA
235519	+	235620	101	llmg_0248		TetR family transcriptional regulator	AACTGACATTTGAGAATAGTATAATCCTTTGGAAAGTAATTGTCAAGAAAAATGTCATAAACTGACATTTTGGGGTTTTTGGATATGTTTAGGAAGAAAAA
279485	+	279596	111	llmg_0291	dapD	2,3,4,5-tetrahydropyridine-2,6-carboxylate N-succinyltransferase	AATAATATTGTAGGTAAAATGAGTCTGTCAGTAAATTTTTAACTTATTGATTTAGAAAACAAGCCCGTAATAGTCATTTGATGAATAAATGACTTTAGAATGGAGTGAAAA
293513	+	293664	151	llmg_0306		O-sialoglycoprotein endopeptidase	AAGTAGATACTGATAATCGAGATAAAGTAAAAAATTATTTAAAAAGGATGATTTGACAGGAAATTAATCAACAAGATTAGCTTTAAAACTGCCAGTCAGTCCTATCAGTGACTTATAAATCAACAACTTTCAGAAATATTATAGGTAAAAA
322709	-	322551	158	llmg_0334		hypothetical protein	GTAAAAATAAATATTTGCACAATGGGTCTATTGACAAGTCTGTCAGTAGCGAGAAATACCATCTGACCTGATCTGGGTAATGCCAGCGTAGGGATGTGTTAAGACAATCGTCTAATTTCTAACCCTCCTTTTGTGCGCATCAAAAAGGAGTTTTTTTT
322852	+	323286	434	llmg_0335	plpA	D-methionine-binding lipoprotein plpA precursor	ATACACAAATTCGGACAAAATAAAAGCGGTCGAGTAAGTAATTGTGAAAGTCAGTACAGAGAGCTTGTAGCGGTGAGAGCAAGCCTGAATGAAGCAATGAAAATGGCTTGATAAGCGTAGCAAAAGTGAGGTTTTACCAAGCTTTTGACGGCATGGTTCTCGTTATTGAACTTAAAAGTTTGCTTTTGTAAAGTTTATCTGAAAATTTTCAGTGAGCTACAAAGTGCTTAAATCAAGAATGGTACCACGATATAGCTCGTTTCTTTTTATGAAATGGGCTCTTTTTGTTTAGTCAGATTGTTTTTGTTTGACGAATTTGTTTAGAGTCAGAAAATTGGCAGGTGCACGGTTAATTTTCTGATATGATGCAAAAGTTTATCAAAGGGGAATAATTGATTTTGAAAAATAAATCAATTAGAAAAAAGGGAGAAAAA
333236	+	333550	314	llmg_0346	fhuC	ferrichrome ABC transporter fhuC	GTAAAAAACTTTTGACAAGCCGATTGTTTGCAAAAGCTTATAAAATTTGAATTAAATCTATAACAAAGAACTTCCAAAAGAATTAGAAGGGAAAAACATGGAAAATAAAATACGTGAATTGCGTCGTTTGTCTCATCTTTCACAAGAGGATGTTGCTCATATCGCACATGTCTCGCGGCAGACGATTAATGCAATCGAAAATGACAAATACGACCCTGAGTTGACTCTTGCTTTCAAACTTGCCGAAACCTTAGGGACAACCGTTGATGAGCTTTTTAACTATCAACCAACCGTTGTGAAAAGGAAAGAAAACG
360236	+	360338	102	llmg_0369	rheA	ATP-dependent RNA helicase	GTTACGTCAGGCGAGTCACATAAATTTCGCCTGTAGCAAGGGTTTCGTACCCTGTAATAAAAATTTTGGCGTGGGAACACGCAGTAGAAATATAGGTAAAAA
365346	+	365484	138	llmg_0373	fpg	formamidopyrimidine-DNA glycosylase	GATAAAACTTATCTGATGATAAATTGTCAGTGATTTTTTATATTGAAATTTAGTACAGAATGAAAATAGAAAGCTGTCAGTAAAATAAATGAATTGACTGGAAAGTCTGTCAGTAGATTTTGTGATAAGAGGGAAAAA
371375	+	371516	141	llmg_0379		hypothetical protein	AAAAAAAGAGAGGAGTCTTGGTAGAGTTGTAGGACTTCATATAGAAGTCAAAGAAATCTGTGAAATTGATGTATTCTATAAATTGCTTTATATTTCTTTTTCTAAAAATATGAAAAATAGACCAGAGCCAAGGAAAAAACT
377205	+	377428	223	llmg_0386	lysQ	amino-acid permease lysQ	AAAAAAAATCACGAAAGGAGAATCACGAAATGAATTGCTCATTGCGCCATCATCATTTGCATAGATAAGAGTTGTGTCATACAGTAGGTATAGATACAGCTTTAGAGTACGCTCAAGTATCTATGCCGGTGATTCTCAAGAGACCGGTTGTAAAGACAACTGGTCTTTTTATTTGTTCGTGCTCTGGTTTGTAAAAAAAACAAGAGATTAGAAAGTAAAGATT
378914	+	379021	107	llmg_0387		hypothetical protein	AGCAGTAAGTCGAAATAGACATCAATATAGTACAAATACTACTATTAATAAAGAATAAAATATAGAATACACTTACAGAATATTTACCAATTGAAAGAGGAAATGGG
388207	+	388323	116	llmg_0395	thil	thiamine biosynthesis protein ThiI	GCTGCGTGCTTTTTTTCATTAAATAAAGAAAATTTGACTGGATTTTTAGGTTAAATTGTTCATTTTTTGAAGTATTTAATGATTAAAAGTATGCAAAAGAATATAGGAGAATAAAA
416707	-	416559	148	llmg_0425	mvk	mevalonate kinase	GTACGTTTTTGTATTCAAAATGTATGATATTGGAAGAAAGTCTATCGAGTATTTTTGCCTCAATCTGACTTAATTTAACCAAAAATATGCTAATTTTCAGTTTACATTTATCAAATGACAAACTAATCTAGCAGGAGAATTGTTAAAA
420025	+	420126	101	llmg_0429	sodA	SodA protein	AGAATTAAAAAATAATCTAACTGAATTCCATTCTCAATCTGGTCAAAATACCCAAGTATTAAGACTTCAAAATGGATTCACATCTTAAAAGGAGAATTACT
438831	+	438961	130	llmg_0447	nifJ	NifJ protein	AGTCAAAATAATATTATTAGGAAAGCTCTCGTCTTTTTCGATTTAGTAATAAATCAAATAAAGAACACCGACACCGCTCTTTATGCCGTAAAAATATCGAATAAATGCTCTCCTGAGAAGGTTTGAAAAA
460908	+	461021	113	llmg_0467	pyrG	CTP synthetase	TCGGGCACTGGTTTTTTATTATAAAAAATCAGTAACGGTAGGCTCCCCTCTGGGGAGCTGTTTTTGTTTTTCCCAGTTATTTCTGTTTTGTAAAAAGATAAGAGGAGATTTAG
469972	-	469747	225	llmg_0476		hypothetical protein	GGACATTGTTATTTAAACCGTCCCTTAGAACCTAAAAGAAAGGAGAGCGCTCAAGCTTTGAAAGGTCGACCCAAACCCGCAATTATAATGATTACTTATTCTGTCAAATTGACCAAGATTAGATTAGCGCTCTTCTTGCGCCATCTTTTTGATATTAGTCCTAATGACTTGATCCATTTCACAAAATAAGAAATTTGATTTTTTAAGCTTGAACCATGCTATAAA
486472	-	486356	116	llmg_0491	hly	hemolysin like protein	ATAACAAATTTTCAGTTGGAAAGAGCAAAAAAGGTTGAAAATATTATTTTTTTGATTTCAAAACAAATCATAAAATTGCTCAAAAGCTGAATAAATCAATAAATTGGAGAGAACAA
525993	+	526116	123	llmg_0527		hypothetical protein	ATCAATGGTCAAACATGGTCAAACTTTTTAAATTAAAAAGGGAGAAATGATTTATTGATTTTTTAAATTTGATGTAAAATAAAAGTAAACGTTATCACTTAAATTACAAATTAAGGAGAGAAA
529429	+	529583	154	llmg_0530	gapA	glyceraldehyde 3-phosphate dehydrogenase	AATGAATTTATAGTTATTGGAGACATCTCTTATCTCTAATATAAATGATACTACTTTTTTTATTTAGTGTCAATTTTTTTTACTAAAAATGTTTAAGGAGTTTTTATT
529465	-	529357	108	llmg_0529		transcriptional regulator	AGAGATAAGAGATGTCTCCAATAACTATAAATTCATTATTTATATTATACCACAGCAGTTGACCTGAAACAATGTTTCGTATTACGAAGAGTGATATTTGTAGTAGAAAAAGAGAAATTCTCATCATCTAAATAAAAAAACGGAGGACTACATC
536911	+	537078	167	llmg_0539	fabI	enoyl-ACP reductase	GTAAAAGGTTTTGTATATCAAAATACTTGATACATAAAATTTTAACTTAAAAATCTTGAACTGTCAAGTTAGAGTGACGCCTCTTTTCGCCTGATTACTCGGGCTTTTCATTAATTTTTAAGAAGAAAAGGAATAAAAA
536941	-	536802	139	llmg_0538		(3R)-hydroxymyristoyl-ACP dehydratase	ATCAAGTATTTTGATATACAAAACCTTTTACAATTAATATTATCAATTTATTGTGAGAGTGTCAACTTTTTTATATGAGTTGCAAAGGTAAAGAGATTAAATTTTTCTTTTTTTATTTATTAGTCGCTGAAACCTTATTATTTTAAAGAAAAGGACTTATTTTATTT
540785	-	540673	112	llmg_0542		hypothetical protein	CAACCGAAAAAATCTTTACTCGCTTGTGGAGATTTTGGTGAGGGAGCTCTCGCCGACTTACCTGACATTATCTCGGATTTAAAAAATTCTTTATAAAATAAATGAGGTATTT
555625	+	555748	123	llmg_0563	glyA	serine hydroxymethyltransferase	AGAGTTAAAAGTTTGCTTGCGAAAGTAAATCATAATTTAACTGATTAAGTTTATAGCGTTTAAGACTATAAAATTCTACTTATATTTTTAAAAATATCCCCAATAGACATACAAGGAGAACGA
566856	+	567107	251	llmg_0577	pepM	methionine aminopeptidase	ATTTATACTAAGCAAACTCGGATTGATTAGAAATAATTAATTGAATTGCTCAGCATTTCAAATCATTTTGAAAAGGCTCATGATTGTCGAAGAAAATTCTTATAGATACAGGCATAAATACTATCTCATAAGAATTCAGTAACCCCAGTAAATAGCTATTTATTTTTCGATGAAGTATGAGTCACTTCAAAATATTAATTTAAATAAAAAGAACTGAGTCTATTCTCAGGACTTTAGAAGGAAAGAATAAA
581346	+	581460	114	llmg_0592		hypothetical protein	GATTGAAAAAGGACATTATATCTGACTGACAGACTTTAAATCAGTCAACTTATTTTGCTGACAAAAAGATTAGAAGCTTGTCAGTAATATTTTTAGCAAAAAAGGAGAGAGAAG
605336	+	605439	103	llmg_0616	yfiA	sigma 54 modulation protein	AGAAATAAAGGAAAGGACAGTTCGAAAAGATTCAGAAGTCCTGAAAATTCCAAAAGTTTAAGGACTTCATTGAAACAAAAAGAACTGTTGAAGAGGTACTCTT
693150	+	693318	168	llmg_0704		hypothetical protein	ATAAATTAATGGAGACTCTATATGAGAAAAAATAAAACCAAGTTTATTGCTTTTGCACTTGCTTAAGCAGTTATTGCAGTAGGTTACTCAACTGCAGCTTCTGCTGATTCTGTTACTTCCTCAGATAAAGATACAGTCTCAAATCCAATTCTGACAATTACACCTCGT
700468	+	700636	168	llmg_0716		hypothetical protein	ATGAAAAAAAATCTATAATTTATCTTTTACTTTTTTCCTTTATATGGATATTAAGTAGTTGCTCAAACAACTCTAAAAACATCTCTCCCAAGACTTATGATTCCTACGAGCAATTCAAGATTTCTAGCCAGACTGCTAAGGATAATTTTGGAGATTTAAAGAAAATAT
707575	-	707441	134	llmg_0722	serS	seryl-tRNA synthetase	CGATTATCGCGCCCTAATTCATTTCGAATTTGGGCGCTTTTTTTCTACTGACAAAAGATTTTTTGCTTACTTGTAGCGTTTAAATTTTCGTCAGTAGATTGATTATAAAATTAACAAAAAATAAAGGAGAGCTT
722420	+	722564	144	llmg_0740	dexC	neopullulanase	AATGTGAGATTTATCTTCTCCAGATGTGGTGGAAATGACACTATCGAAAAGTGAGTATAAATGGACTGACTTTTCACTGTCCGTGAGATTAATTGAGAATAGTTTGAGACAGTACAGCCATCAAAAAAATTTGGAGGTTCTATT
748964	+	749121	157	llmg_0760		transglycosylase	ACGTCCATAGCGTGCAATGACGTTAAACTGCTTACGGTAATCCTACACAAGCGTTCGGACTTTATGATGTGTATGGGAAGTAACCATGATGATAGAAGATAGACTGGGCTGATCAAGTCCTATGGAATGTTCTTAGTGGCGAAATCGAAAGGTCTAA
843118	+	843396	278	llmg_0874	dapA	dihydrodipicolinate synthase	CAAACAAAATTAGAGGTTGCAAAGACGAAAAAATTAGTGGAGCGGTGGACGCATTGAAACTGATGGCGGCGTTCTTTGCCGAAAGAAAAATTGTCACAGAATTTTTCTTGGGCTGTATGGTTAAATCCTACAGACTGTCTTTCTGTCAGTACTGACAGAAGGGGGAGCTAATCAAAATTATTTTTGACGAACTTTTGAGAACCTCTTTTGCATAAAAAGAGGTTCTTTTTGACCTCTTGACAGAAGCTTATCAATAAGCTCACCCAAAAGGAGAAGAC
845127	+	845351	224	llmg_0876		metallo-beta-lactamase superfamily protein	AGTGTATTCTCGGTAGAGATTGGAATGCCAATCTCTTTTATTTTAATTCTCATTAGAGTTATCTTTTCAATATCGCTTGTCCCACTCGACCGATTTCGAGAGTGAATAAGGCAAGGAAATTGCAAAAAACAGGACTGTAAATTTACTGACAGAATTTGTCAATAACTTACAGATTCTTTTTATATCGAAAAAATTATAAATTACACTGACAAGAAAGGTTTTTT
860866	+	861083	217	llmg_0890	pyrR	bifunctional pyrimidine regulatory protein PyrR/uracil phosphoribosyltransferase	AACCTTTAAGATTGTCCAGAGAGGCAGGCAAGGTCAGAAATTAATAATGTAATAATATGATGGATACTGTCCATTTTCTGATACCTACCTGCATTCTCTTTGGAATGCAGCTTTTTTGTATACTGACGGACATCTTATTAATGGAAGTATTAATCGATAAATGAAAGATTTGTCAGTTAACTGACAAATTAATCATTAAGAATGAAAGGAGCCCCAA
879829	+	880051	222	llmg_0913	murG	undecaprenyldiphospho-muramoylpentapeptide beta-N- acetylglucosaminyltransferase	ACTGACAATTATAATTGGGACTAATTTGAATACTCAATTTACTGACAGATTAATATAAACAAGTTCATTTTACTGACAATTATCAGGTCTAACTCGTAGGTTATTTATTTCGTTGTCGTCCACTTTTTTTCGATTTAATGATTTGAGTGAAGAAGATAGCGGTTAAAGCTCAAAAAGTTTAGATCTATCAGCGAATCCCCAAACCATTGGAGAAGAATAAAT
884743	-	884603	140	llmg_0917		hypothetical protein	GTGTGTAGATATGAAAAAAAATAGTATAAAATTTACCAAAAGTGATACAATGATAAGAAACATTTGCAAATTTAACACCTCTTCTGTCAGTAAAATTTACCCAAAACCTTACTGACAGAAATTTTTAAGGAATTTATACC
906521	+	906642	121	llmg_0938		hypothetical protein	GTGTTAAGAATTTTAGTGAATATTGGGGATGCCTATTGAATTAGGATAATGAAATGTGTGTTCTTATTGTTCATGAATTGGAATATGACTAAATTTAAAATAAAAATAGGGGAATTTTAAA
1010864	+	1010991	127	llmg_1048	busAA	glycine betaine/proline ABC transporter	GTCACTTTAAATGAGAAAATCACTTGTGTAACCTAAAACTTCTAATTTATAATTAACTATTTATTTTGGAAATTCTTTTCTAAAAAAAGTTTTCGGCTCATGAGTAATAGAATGAAGGAGAGTTATT
1015024	-	1014920	104	llmg_1051		transcriptional regulator	TCAAAAAATAAGAAAAACTAACTGAAACAGATTATTTTTATTTTTTGATATTTAGAAGAATCCTCCCATAAAAGAAAGGATTTTATGCTTCATTTGAGTATAAA
1042421	+	1042609	188	llmg_1086		cation (calcium) transporting ATPase	AACTTAAATATTCCAAAGGGGAGTAGCGTCGGTAAGACCGAAACAAAGTCGTCAATTCGTGAGATTCTCACCGGCTTTGTTGACATACTATGTATGTTTAGCAAGACCTTTACCAGTTTTGATATCTGGCAGAGGTCTTTTTTTGTAAGACCTCTCATGATATCAGTTAGAAATAAAGGAGAATCATT
1045979	+	1046138	159	llmg_1088	gpo	gluthatione peroxidase	AGTTAAGAAAAGTAGATGATGAGTTTTGGAATTCTTGTCAGTAAAATAGTTACTGACAGCAATCAATTTTTATGCTGAGCCATCTGTCAGTAAAAATAAATCTATAAATTATTTCTGATGGAATAACTTATATAGCAAAATTTACCAGGAGGTAAACAA
1046669	+	1046961	292	llmg_1089	carB	carbamoyl phosphate synthase large subunit	AATAAAACTTTTAATCTAGTCCAGAGAGGCTAGCAAGGTTGTGAACAGGAAATATTATGCTTAAAAGTTACTGACAAAAGAGCGGTGTAGCTTGGTCCATAAGTACCAAAGCGGACAGGGCTAGTTCTGTCAGTAAACTGTCAGGGCATATTAGGACACATCTGCTAGGTTTCTGGCAGATGTTTTTGCTTTATTTTTAACTTTTTATGATTGAAAATAAAGGGCGCAAGGAGCGAAGCGGCTTGTAAGTAATTACAACGAAGTTATGCTTTACTACAAAGGAGAAAAACAA
1066247	+	1066455	208	llmg_1105	pyrK	dihydroorotate dehydrogenase, electron transfer subunit	TAAAACCTTTAACTAAGTCCAGAGAGGCTTGCAAGGATACGGAAAATTTATCTTGGATTACTGACAAACTAAGGATGAACTTCTTTTTTAGCGTATTTGTCTGTCAGTAAATGACCAATTTTTTAGTACACTTGTAAGTTCTCTTACAAGTGTTTTTTTATTATATAATTTAGAGCATTTTATCGGTAAATAAAAGAATGGAGAAATA
1101076	+	1101195	119	llmg_1134		hypothetical protein	AAAATGATGAACAATAAAAAGATTGATACCGATACTAAAATTTGAAAAATCTAAATTTGAATAAAGTATTGAAATCAGGATATTTAGGAAAGAATTAGATAAAGTAGGAAATAATACAA
1135873	+	1135978	105	llmg_1170		hypothetical protein	AGAATAAAACAGGATATAATCGTTAATTTAAGTCTATCAAAGCTCTGATGATATCAAAAAGTTAAATTTATTAAGGTTATAAAAAATATAGAGGGACTTGATGAC
1140151	+	1140260	109	llmg_1173		hypothetical protein	AGTGTTATTGTACACAATAACGTAAAGTGTCCGAAAAATATAAGATTATTTATTACAAAAATTGAATCTTATAAAAACTGAACACAAAAAGACATTTTGGGAGAGAGCT
1144454	+	1144571	117	llmg_1177	gadR	positive regulator GadR	GCGTAATTTCTTAAATACAGAAATAACAACTACATTGGTAGACTGATTAAAAAGTGTACTTGATGAACTGTTATAAACCTTAAAAAAATAAAAATAATAGTTTGGGGGATGTTAAAG
1146954	+	1147076	122	llmg_1179	gadB	glutamate decarboxylase	ACCAACACACTTTAAAGCAGGAGATGTGAACCCTGCGATTTATCCAGCAGCTCGTGGAGAGCATCATATTATTAAAAAAGAAGAACATATCTTAAAACATTGAAAAATTGGAGGATGTACAT
1149421	-	1149297	124	llmg_1180		hypothetical protein	ATTATTTTCTGTAACATAAAACAAGAAAATATTCATGAAATTCAGTAAAATTTCAAACAATTTTTTCAAATATAGTCAATTTTTCTATAAATGAATTAGAAAATTACTGAACAAAGGAGCAAAA
1161029	+	1161134	105	llmg_1190		hypothetical protein	GACGGAGATGAATTTATAGTTTCTTATCGAAATCTCCAACATGAACCTATTCCTGAACTACAATTTAGACTCTGAGTCTACAAAGCTCTTTAAGGAGTAACTTAC
1164416	+	1164663	247	llmg_1195	ribU	hypothetical protein	ATCTTCAGGGCACCGTGTAATTCGGGACCGGCGGTAAATAAGGCTTTGACCTTATGACTCCGCGATTCGCTACGGCGATTGAAGCAGTGAAACTCTGCTAGCGACAGTAAAGTCTGGATGGAAGAAGATGAACAATTTTTGCAGAGTAATCGACCTCGGTCGACTTACTGTTTTTAGCTAAACCAAAAATGTCTATCAACTTCCTCGAAATTTGAAGAATTATTTTCTCATATTTGGAGGTTTTTTT
1175605	+	1175758	153	llmg_1207	rpIJ	50S ribosomal protein L10	ATGGTTCTAAAAGAACTGACCGAAGACAGTAGGGGACGAAAGTCATAAACTTCCTACCGAGGACAAATATCAAAATGATAATTGAACTCTCTATGTCTTTTGTGTGTAGAGATTTTTTGTTTCTACAACCAAAATAAAATGGAGGTAAAAAAA
1177029	+	1177158	129	llmg_1209	rmaX	MarR family transcriptional regulator	GTTAATATCGTTAGCAATGAAGCATAGTTAGCAAAAAAAGATTTTTTTCAGAAAGGAAACGTATGGATTATACAAAAGCAGCAGAAGACTTTTTCTCATGTATGAAGGCAAAAAAACGCAAAAAAAGTT
1184080	+	1184278	198	llmg_1216	thiM	hydroxyethylthiazole kinase	AGTTTCAAAAATAAATCTAATACACAATGGGTACTGATAATTTTAAATTATCGGTTGAGAAAGACCATCAAACTTGAACAGGTTAAGACCTGCGTAAGAATGTGTCCGAGTTTTTATTATATTTTCTTTTGAGAAAATTGTAATTCTCACTTTCTTGTCATGCTTGAGCCCTCCTTGTGTAAATAAAGGAGTTTTTTT
1191153	+	1191579	426	llmg_1223	mgtA	cation-transporting P-ATPase	GGTTATGCCATAAGCATAGCCATCGGTAGGTGAGGCTACCGCAGGGATACGGGTTGCTGCCGCAGAGTCGTGGAGACACGATGAGAGGGCCAACAGTTCATGTCGAAAAAGAAGGCGTGAAATAGTGCAACAACATTGCCCTGCGGAGCTAAAGCTTGAACGATAGCTTGTAACTGATTCGCTTTATAGTGTTATCTTTTTTTGGAATTATTCCCTTGCCTACGTTCAAGTTTTGTAGGCAAGGTTTTTTGTATTTAAAGGAGGTGAGAACGGAAATGGAATCCCAGAGTATTAATAGTCCCGAGCCCGAAAGGCCGCAGATAATTAACGTGATAAGAGCAATTTTCCGTTCTTATCACCTTCTTTAAAGTGCCTAAGGTTTAGGACTGTACAGCAAAAATAATAAAAAATATGAGGTACAGACCA
1198429	+	1198699	270	llmg_1227	aroH	phospho-2-dehydro-3-deoxyheptonate aldolase	TAATATAAAATATTGAGGTTCCAAGATGATTAACAACAGTAAAAAATTTTATTTTTTCTTTATAAATGATCCACATTAGTTTTGGCTAATAAAATGTGGGTCCTCTTTGATGTTCGTTAATCATCTAGGGGATAAAGAAGACGTCCTCTGGGGACGTCTTTTTTTATTATATTTGGAGGTAATGATAAAAAGAAAAATAGAAATATGTTGCAGGTAAGATCTTAGTTAAATAGATTTTACTTAGAAGATAACTTTAGAAAAGAGTAGAAA
1243117	-	1242978	139	llmg_1272	topA	DNA topoisomerase I	GTGAATTTAATGTAGGAAGTCAGTAATTTAGACCAAACATTAGTTCAATTTCCACTTTCTAATCACTAAATCCTCTATGAACTGTATAACATTTTATAGATAGTGGATATTTAAAAATAGATAAATAGGAATATTAATT
1268826	-	1268528	298	llmg_1298	hisC	histidinol-phosphate aminotransferase	AATTAAGAATTTACAAACAAGAGATGAAAGAGTAGTCTTACTTATCAGTAGAGAGAGCCTTGTTGCTGGAAAAAGGTCTGATGCTAAGATGAACCACACTCATCGCTATCTTACTCACCAAATAATTGTGAGCGTTGGCTACGGTACTGCTGAGTTTAACATAAACTCACTGAGTCTACTTTTGTGAAAAAGTAGTAAATTAAGGTGGAACCACGACATTACCGTCCTTTAAGCCAAGTGCTTAAAGGCGCTTTTTTTGTATTATATTTATCATTTTTATTCTCGAAAGGAGAAACAT
1307282	-	1307149	133	llmg_1330		hypothetical protein	AGCAAAAAAGAATGTAAAGTAGTTCACTAACTTTCGTTTTATTTGTCAGAATAAGGTTTTTGATTTATCATTTTTTTAAAGTTAAAAGTAATGAATTATTAAATTTCTTCTAATGACAAAAAATGTGATTTAA
1321074	-	1320854	220	llmg_1346	xpt	xanthine phosphoribosyltransferase	TCACAGGTTAATAAAACCGTGGGAATATAATCTTATTTATACCTAGAATATGGCTGGGCGTTTCTACCTCGTACCGTAAATGCGAGACAATAAGGAAATTCGATTTTTCAGTAAATTTAATTTCTTTTTTGCGTATTTGAAACGTCTTGTTATTTTTTATAACGAGACGTTTTTCTCACCTGGGGCACAGATGAGAAAAAAATTTTTTAAGGAGAGAATA
1374636	-	1374470	166	llmg_1400		hypothetical protein	AAAATAGGACAATAGATTTGGAGATAAATTGGCTGAATTAGTAATCATATCAACATTTTATGCTTTTATACTGTTGTATAGGCTATTGAAATTTAGTGTTATTTTACTTTATAAAGTTGTATTTTTCATACTAAAGGTACTAGCTAATATCTTTGCGTGGAGTTTG
1381738	-	1381588	150	llmg_1412	guaC	guanosine 5'-monophosphate oxidoreductase	GGAAGGTTGAGCAAACAGAGATTTTATAATCGCTCAACTAGTGAAACCCGTAGGGTTTGGTCGGTCTTTTCTGTAAATCAAATCATTAATGAGTTCATAGGCTAAAAAGTACTCAGAAATAGCCTAGTCACACTCCAAGGAGAAATTACA
1389767	-	1389562	205	llmg_1421		hypothetical protein	AGATTAATAGGAGAAATTAATGCATTTTATTGTTATATTAGGGGCGCTCATTTCCTTGTCCTTTACAAGCACTTATCTTGTTGCCAGCATTCGTGGTCGTGTTAAACCCAATAAAATTACCTGGTTAATATGGGGTATTGCTCCACTAATTAGCACAGCTGCATCATAATCAACAGGAGTTTCTTGGGCGAGTTTACCAGTGTTT
1437964	-	1437858	106	llmg_1463	lepA	GTP-binding protein LepA	AACTGATTTTTAGTTATAAAAAAATTTAGCGCAAAAAAAGCGAAAAGAAAGTTCGTGGACGAAAAGCAAATGATAAGCCCACAAGAACTCTTATAAAGGAATCAAA
1450312	-	1449953	359	llmg_1474		voltage gated chloride channel	AATAATGATGGGTATGGTGCACACCCGAAACCGCTTTAAGAATAAAATCTTAAAACTAATGGCGCCTACAAACAAAAGGCTGTTTTTAAGCAGTCCTGTTTGTAGCGCCTTTTGTTTTGTAAAATTCAGCTGCCCCTAATCTGCTATCATTCTAAATTTTGAAGCGAAAAATCAAGTGATAAGCAGAAAAGGGGCAGACGCGTCTCCCTATGAGGAGATGCTAGAGTTTTTACTACCTCCTTGGCGAAAAAATATCGTTTTCGCTTCGTCAAAGCGTAGCTGTTGGCGCTTCAGCGCTTACAGATAGGCTTGTATTTTTATCAGGTCGTGTTAAATATTAGATTATAGGAGTTTCAAAA
1453860	-	1453679	181	llmg_1478	glyQ	glycyl-tRNA synthetase subunit alpha	GTAGCGACTCGAAGATAGTGAAAGTTCGAGAAAGAAAATGGCTTAATTTAAAATCGTAATGAACACAAATAAAGTAAAAAATAAAGGTGGAACCGTGCATGTGCACCCTTTGTCTCTTTTCAGATTTTCTGAAAAATGACGAGCGTGTGAATGTACGGTTTTTTGAATTCTGGAGGAAATA
1464115	-	1463989	126	llmg_1490	mntH	proton-dependent manganese transporter group C beta	ATTATCAATTATTGATTAAAAAGTTTGATAATTTTTTAATCGATAACTGATGCATTAAATTACTATAAAAATATACTTAACTATAAAGGGTGCTGAATTTTATTCAGCTTAGAATTTGGAGAAATA
1465330	-	1465199	131	llmg_1493	rplU	50S ribosomal protein L21	GTTGTCTTTGTGAAGTCTCATAAAGTGCAACCGCACGAAGTTTCGTAATAAGTGGCGTAAGCCCACGAACAAAGGCGAGTCTAACAGTCGCTTGACTTAAAAGCGATGAAATCTAACAAGGAGGAATCACA
1484708	-	1484334	374	llmg_1509	pyrE	orotate phosphoribosyltransferase	AATGTAACTTTTAAACTAGTCCAGAGAGGCTAGCAAGGTTGAAATCAGGAAAAACTAATTTTATTTTTACTGACGGGATTTTCTGTCAGTAAAAATGAACTTGTTTTGATACTTTTTACACTTGCTAAGTCTCTTGGTAAGTGTTTTTTATTGCTATCAACTACAACGACTGTGACGTTTGTCATTCATGCTCGAATGGTATTCTGTCAGTTCAATGCGACCAAAGGGAGTTATTGAATCGGTAGCTAAATGAACAATCAGCTTTGCTGATAGTTCTGTCAGTTCAATACGACCAAAGGAAGTCATTGAATCGGTAGCTAAATGAACAATCAGCTTTGCTGATAGTTCTGTCAGTAAACTATAAAGGAGAAATC
1494479	-	1494376	103	llmg_1520	llrE	two-component system regulator llrE	AATTATTCAGAAAAACGGTATGTTTTTTTTGTTTTAGGCTTGATATAATAAACTGGTAGTTAAAACTTAAATAAAGAAAGCTGTTAAAGAGAAAGGGGAGGAA
1504770	-	1504467	303	llmg_1532	ribD	riboflavin biosynthesis protein RibD	ACAATTTAATAAATCTTCAGGGCAGGGTGAAATTCCCTACCGGCGGTATAGCCCGCGAGCTGCTAGCAGCATGATTCGGTGAAACTCCGAGGCCGACAGTATAGTCTGGATGAAAGAAGATAAAAACCCATAATACTCATGATAGTATTATGTCTATTTAGCCTTAAACTCTGGAGTGAATCTATCTAATTCACTCCATTTTTGGTTTTTTTGAGCTGTTTTTTTGCTTGAATAAAATAGAAAATTATCCTAAGCCCTTGAAATATTATTTTGGGGCTTATTTTTTTTAGAAAGGATAAATGG
1508485	-	1508364	121	llmg_1534	parC	DNA topoisomerase IV subunit A	AGTGATTTTATATTATAGTCTGATAGACTAGAAGAACTGTCAGTAAAAATCATTCTTATTATAAGTTAATAAAAAAATTAGTATAAAAATTAAAGAAATTTTCTAAAAAGAAAGTTGAAAT
1519784	-	1519571	231	llmg_1546	ftsE	cell division ATP-binding protein	AGTTCTGCTGAGGGAAATTTATTTATTACTGTCAGTAGAACGGAAGAGAAGTCTTATCGAGAAATAAAAAAGGTACAGTGCTGTGCCCGTTTTCTTGTTTTTTGATAAAATCCTCTTAAAAGCATCCATAGTGATTAAAATATGGATTTTACTAATAAGTTGCTGACTCATTCGTTAGTAATTGTCAGTCAAATCTAACACAGGAAAGGTACT
1564505	-	1564376	129	llmg_1588	trxB1	TrxB1 protein	ATAAGATTTTAGATATTAGAAAAAAGAGTTTTTAGATCTGATAAATGAAGAGCTCAAGTTTGCTTAAAAGCTAGCTTGAGTTTATAAATTTAAGGGGAGTTCTTAAGCTCTTAGAAAAGGGATTAAAAA
1566584	-	1566454	130	llmg_1591		amino-acid ABC transporter permease	AGTGATGGTCAGGTAAAAAATCGAGCCAATTAGTAAAAAGCATGATGCTAAACTGATAAGCTCAAAAATCCTAATAAACTCTGTCACTTTTTTACTGACAGAGTTTTGCCTATTAGAAAATTAAAATAAT
1606287	-	1606156	131	llmg_1629		methyltransferase	ATAAATTACAAAATCTCACTTAAACAATTATAAAAGGAGACAAATGAATCAAGGAATTATTGCTCAAAAAATTGTATTTTCCATGTAAATATCTATAAAATCACTAACTATATTTACATGGAGAAGAAAAA
1619361	-	1619152	209	llmg_1640		hypothetical protein	AAATAAATGAATGAGGTAAGGTCTATTGAAAATCTAAGTTTGGAACTTTAAAAAATATTCGTCAAATCGAGTGTTTTTGTTGCGTTCACAACTTAGAGAAAATAGGCTTTTATTATGCTTCAAATTTGGGCGTTTTGCCAGAATTTGTGTCTTTTAAAGCTCTTTTCACCTAAGTTGTGAGAAGAGCTTTTTATATAAAAGGAGAAAAA
1621347	-	1621202	145	llmg_1642	butB	2,3-butanediol dehydrogenase	GTGAGAGAAATCTCAAAATTAAATACTATTGATTGCCTGAAACGACAACCATCCTATTCAGAGGAGGCGTTTTTATGATCGCGGAGATATTCGCGTTGAAGAAATTAATGAACCAGTAGTAAAAGCTGGTCAAGTAGGTATAGAT
1622870	-	1622744	126	llmg_1643	rodA	rod shape-determining protein RodA	GATTTATGATTTTAAAAGAGAAGTCACCTCAATAATAAAGTTGTTTTAGCAGATTAAAAGGGATTTGTGATTTTTTGAAATAAATTTTTTAAGGCTAAAACAATATTAAACTGACTGGAGCTAGTT
1637561	+	1637672	111	llmg_1660		TetR family transcriptional regulator	ATTATAAACTTTTTAGAAAAATTGACAATTATTATCCATTCGCTTTTGGACACATTTAAATTTTTGTCTAATTGAAGCACTTTCATTCTAAAAAGAACGGAGGCCCCTATT
1703102	-	1702894	208	llmg_1725	mnmA	tRNA-specific 2-thiouridylase MnmA	GTTACCTATTAATGTTCAGCCTTCAACTGTAACATTTACAAAAGTCAGCCTTCAACTGATATTTTGTCTAACTTGAAAGAAAAAATTTACTGACGAAACGACTAGGATATCTATAAACGCTGAAGCGTCAAGGCCTATTCTAAGATAAAGCTGTCAGTAAGATTTTTGTCATTTCAAAATCAAAATAGAAAGAGATGGTGAAAAATTA
1728591	+	1728858	267	llmg_1747		amino acid permease	AATTAAAAAAACGAGGTCCAATAAATGACTTATTTACAAGCTTCTCTTAACTTGTTGTTGAAGGAGGGCTCACACTAGCTAATTTAAGCTAAATGTGTGAGTCCTCTTTGACGTTTGTCATTAACGAGGACGAAGAGACGTCCTCAGGACGTCTTTTTTTAATGTTTTATTATCAATTTATTAGTCAATAAAAGAGAGACGTCTCTGCTTATTGATTTAGAAAGCTAGGAATTATCGTTGGAAACTAATCAATCCTTAAAGAAAAAA
1734977	-	1734854	123	llmg_1751		alkaline phosphatase	AACAAAAATATGAATTTAAAAAATTTCATTAATTAAAAAAATAATGAAATTGGCGTTTTTCGTATTCATTAATAAGTTTTATATTAATGAATTGACTGCAGTTTTTCTTTAAATTAAGGAAGA
1751761	+	1751946	185	llmg_1767	rdrA	DeoR family transcriptional regulator	ATAAAAAAGATGACGAAAGGCTACTAAATGTCCCGTTCTGACGAAATCATTCGCATTGTGAGTGATTATAAAAAATTGAAGTCAATCAACTTTCACAACTCCTTAATGTTTCAAACGTAACGATTCGAAAAGACCTTGATAAACTTGAAGAGAAAGGAATTATTAATCGCCAACACGGTTTTGCT
1768580	-	1768362	218	llmg_1788	rmaG	MarR family transcriptional regulator	AGAAAATCATTTGCAATATAAAAACAAATTGAGTTCATCTTGCGCGAAAGATAAAATAGATTATTAATCAGGGGATAAATTGATGATATTTTGCTATCAGTTTATCCCCTGTCTAAATGTAATAATAAAAGCCCATAGGGACTTTTATTTATTTCGGTTTCCTATTTTTACTAATGTCTAAAGTCGGACTCACATCTAAAAAATGAAGAGGATGACAG
1776061	-	1775959	102	llmg_1797		hypothetical protein	AAATAAACTATTAGAAAGGAGCGTTCGCAAGGGCGCTCCTTCTCTTGTGTTTTAAAATTGAAGTTGATTTCAACTTTGGATTTTATGAAAGGAGAATTGCCT
1793938	-	1793746	192	llmg_1813		hypothetical protein	AATTGTCTAATTCTGTTTATAAATATAAGCGAAGTATAAAAAATACAAGCTTTATGTTCTCTTATATTATGAAAACTTAGCAGATATACAGTTCCTTAGATTAGAAAAAGAAGTAAATAATCAAGGATAAAATTAGATTAATAAGGTAAAGTTCGGAGTAATCCGATTTTTACATCTTATTTGGAGGAAAAA
1811417	+	1811711	294	llmg_1831	menB	naphthoate synthase	GTGATGCCTGTGACATCCGTGCACTTGTCAGCAACATTCACTAGTCAAATAAATGAGTTTTTACAGGCAATTTGTCAGTAAAATCGAAATCTAATTAACTAGAATAAAAATAATTTATGTAAGTGAGTTTGTTCTAATCAGAACTATGAAACAAACCATATCTTATTTAACTGAGTTCGGACTCGCAGAAGTTGATGAAAATAGATAAAATGGAACCTGGGCGGTGCCCAGAACCTCATTTTTCTAATTTTCATAACTTCTAAACGCTCGCCCTCACATCTTAAAGGAGAAATC
1843085	-	1842952	133	llmg_1862	cydC	cytochrome D ABC transporter ATP binding and permease	GAGGTAACCATTTATTCTGGTCAGAAAATTTTTCTGACCTAAATTTTTTAGAAAGGAACTGATGCTCTGTTTTTTTTACTGACAGAAATTTTCTTCAATTATTTTTAGATTTTTTCTGTTTGAACAATAAAAA
1846196	-	1845621	575	llmg_1864	cydA	cytochrome bd-I ubiquinol oxidase subunit I	GTAACGTGATTTTAAATTATTTGCAGATGTTAGTGCCTTTGTTTAAACACTCAAAGACATTCACAAATGCCAATATAAATTTTAAAAAATCACTCACTTATAGTGCTATTTAAAGAGAATAGAGGTGGCAAGGGAACATATTTTTATCTAAGGCTTAAAGTTAGTGCTCTGTTACTGAAAAATGAAAAAATTCAAAGTAGAAATACTCATTATAGTTACGAATTAAACTGGGTAACTAGAAAGTATGAGTTTCAAAAACTTTGAACATTTTGTGTTTGGAAAGTGAACTAATCAGAGGCCTCAAGAAAGCACTTATTGTTTTCTTGAAAAAATTAATAAATAATTTGACGGGAAATAAAAAATTTAATAGTCTTTTAATTAAAACTGATCTTTTTAATTCTTAATTATTTTTGAAAGTCTTATGAATTTTAAAAAATACCCTTATTTTATTTATTAAAATGTAAATATTTTTAATTAGACTTGAAATGAAACTCGTCTAATAGCATAAAATATTTTTTTAAGTAAGTCTATATCTATTTGATATATATAGTAAATAAAAAATAAGGAGATAAACA
1863432	-	1863331	101	llmg_1880	efp	elongation factor P	GTTAAATCCTGTCATTTCACTTCTTTTGTGTGCAGAAAATTACTGACAAAAAGAAAAAAGGCAGAATATCTAAATTTATAAATACTAGGAGAAACATAAAC
1894445	-	1894340	105	llmg_1913	pbuO	xanthine/uracil/vitamin C permease	ATATAATGTTTTTTTATTTTATGACGTGTTTGCTTTTTAAGCAAAGACAACTTTTTATCAAAGGGTTGAAATTTTAATCTTAGACCCTAAAAGGAGAAATTATTC
1934890	-	1934659	231	llmg_1953	estA	tributyrin esterase	GACGTTGAGTGCCTGTGGAAACTAAAAAAGTACTTCTTTAATTTCGTTTTTTTATTATTAAAAACAAAATGGAAGGAAAAGTCACAGTGCACACTTTGAAAAAAGAAAACGAAGGTCAGATTTAAAAAGAAAGGAATTTTTAATTTAACAGAATTCAAGAAATTGAACTTATAATAGGTAGAAAGTTAACAACATTTGCTAACAACATAAAATTTATTAAGGAGACTTTTT
1970363	-	1970145	218	llmg_1982	rpoB	DNA-directed RNA polymerase subunit beta	AATGGTTTGTCAGCAAAATCTGTGGGATATATTGTCCCCATAGGCTTTGTAAGCAACGAAACACTACTGTTTTCGTTGCTTTTTTGGCGTCTTTTATATTGAATAAACCAGAAAAGTTATTAAAAAGACAAACTACAGACTTTTCGGTTTTTTTAATTAAAAATTCATCAAAAACACAGACTTTTTTAATCAAATCTAAAAAATAGAGGAGAAAACAC
1999365	-	1999052	313	llmg_2011		amino acid permease	AAAAAAATTAAGAAAAGGAGTCCGCATGAAAACACAACAATCAACAGTCTTTTATTTTTGGCGCAGATAGTTTGTGTTTATGCAATTGGCGTAGATACAACTTTTGAGTATACTCAAGTTTCTGCGCCGGGATTCAAAGAAGACCGGATAGTAAAAACTATCTGGTCTTTCTTTTTTAATTTTTTTAACCTTTCTTTCAACTCTAAAGTAAAATTAATCGTAAAGACCGACTCCAAGCAGGGTTTTGCTAGGTGACTGGAAGGTAACTTATAAAAGAAAGCTTTGCTTTCACACATTAGAAAAGAGGAATTTT
2006062	-	2005935	127	llmg_2020		hypothetical protein	GTTTAAGCAAAAACTTAAAATGGGAGATTGGACAAATTATTTTTGACCAATCATAAGAGATTTTTACTAATAAATAGCTTGAAATATCTTTGAAAGAGATTTGCTCAAATTTTGAAAGAAGAAAAAA
2008589	-	2008446	143	llmg_2021	dinG	ATP-dependent helicase dinG-like protein	AGTGAATTTCTTCAAAATAATGTTCAAAAATTACTGACAAAGATTCAAAATTATCTCTAAATGGACTTAAGTCAATCTGGAGTTTCTGTCAGTAAAATTTGTGAGTGGTTATTGAAGAAAACTGTAAGAAATAGGTGAAAAAT
2028790	-	2028580	210	llmg_2044	pnpA	polynucleotide phosphorylase	ATACGTGTAGTTCTATACAAAAATGAATTTGTCAGCAAAAAGTTTACTGACAGAAAAGAAAATCACTCATCAGAAAAAAATTTACTGACAAAATAATCAGTGATGACAATTTGATTTTTGTTTAGAAACACGTAGACTAAAAATAATGCAAAAGCAGGAGACTGGACTGTTAGAAAAAATTCTAAGCATTTCAAGTCAAGGAGAATAACA
2121213	-	2120988	225	llmg_2160	metK	S-adenosylmethionine synthetase	GTTACGAGTCCCGAAAGGATTTGACCTATTTTAAAAATTACTGATGAAAAAACTAGCATATCAGCAAGCGCTGAAGCGTCAACGGCTATCCTATGATGAAAATACTAGGATATCTGTAAATTGCTGAAGCAATAACAGCTATCCTATGACAGAACTTTCTGTCAGTAAAATTGAATAAGTTTAAAGACGCCTTGTAACCAAAATTTAGATTGGGGGACATTTTTA
2145517	-	2145381	136	llmg_2176	upp	uracil phosphoribosyltransferase	AAAAATGCTTTTAGAGAATGGCGCCATCTGCTATGCTCTAAAAAATTTTGCCTAAAATTAGCAAAATTGCCATATAATGGCAGTTTACAAATCTGAACTTTGCTTAGCAAAGGGATCTAGCGAAAGGAAAATCAAA
2163505	-	2163164	341	llmg_2196	pheS	phenylalanyl-tRNA synthetase subunit alpha	ATAAGTAAGAAGAGTAAATTATTTACGAAATTTAAGGGAGTTATGGTCACCGACTGAAAGCCATAATATGGAGTGATATTTGAAGTTCACCTTACGAATAAAAGCTATTTTTGAGAGGAATTCTTTAGAAGGATAATCTTAAAAAAGTTTTATGGTAATTAAATAAAAAAATTAAGTGATAAAATAGGATGGTACCGCGGTTTTCGCTCCTTTGGAGATGAAAGTTGTGGTATTTTTTTCTTTATTAAATAGAAATTGCTCAAATCTCCCTAAAGCTCCATATTTTATATGGACCTTGTCTAATTTTAAATATATATTTTTTATAAGTTGAAAGGATAAAA
2168875	-	2168623	252	llmg_2201	purA	adenylosuccinate synthetase	AGTGCGATAGGAGCTTTCAGAAAAATATTCAACTTTTATTCTGATAAAATAAGTCAAAAAGTCGAAGAAAATTTTTAGAAATGCCAGCCAAGCGAACTTGGAGCGTGCAAAATATTTTAAAATGAAATTGAGTTCGCCCTCCTAACTTCTACGAAAATAGATAAAAATGGGAACCTGCCTCAGGCAGAACCACCATCTTTCCTAATTTTCTAGGAAGCTAAGCAGTCGGGCTCACATCTTAAGGAGAATATT
2182228	-	2181983	245	llmg_2217	hisS	histidyl-tRNA synthetase	AGAAAAGAGAGTGAGTAGTGGTGAAAGCTCATAGGGTTTGTGACAGTGATTATCGGTGATAACGTTATAATCAATTTGAGGCTCTGATTTTCTAGGAGCAAATTTAGGTGGTACCGTGCAATAATGCACCCTAGAGCGAGAGGCTTTGGGGTGCTTTCTTATGTAAACGGTATCTTATTAGATAAGTATCACATATAATGATTTTTTACAAAGACTCCCACTCCCAGTGAATCGAAAGGAAAAAA
2201170	-	2200964	206	llmg_2237	galP	galactose permease	GTGAGCGATTTCAAAATAAAATCTACTACTGTTTCGCTTTTGAAAATTATCAAAAATAAAGTTTTACAATAACAGTATTTCTTCATACCAGACTACTAAATGGGTGATAGAAATGAGTGATGTAAATCACTTCGTACTCAAAAACAAGGCAGTATCTCTGCAGTTCTACTCAAAAATGAGTAGATCTAGTATAAAGGAGGATTCCC
2206933	-	2206824	109	llmg_2243		hypothetical protein	ACAAAGAAGTTTTGGCTCGCAAATTTACTGACAATAGATTTGACTAAGAATTTTTCTTTTTGGAGCCTTTTCAAAATACTTACAATCTTGAAAATTGGAGAATTGAAAC
2258416	-	2258256	160	llmg_2308	arcT	transaminase	GTAAACGATTTATATTGATAAAATTACTGACAGAATCCTAATATGATTCAGGAATATTATGCTAATCAAGATAATAAATCTGTCAGTAAAAAAATAAAGAGAGGAAGACAAGTTCGGATGATTTCTCGAAAAAAATCATTTAAACTTGCAAATAAAACTT
2279585	-	2279473	112	llmg_2321	poxL	pyruvate oxidase	AGAAAGTATTTTATTTACCTGAAAATGAAAGGGGAATGTTTAATAATTAGTATTTTTTAAAGCAGTGTTAACATAGTTAGTAATTGATAGATTGAACATCAAGGAGAAAATC
2298983	-	2298863	120	llmg_2341		hypothetical protein	ATAGCATGAGAAATCAACTAGATTTCTTGTGTTTGGATAAGCAATATTAAAGGAGCGTGTGGTATAATTGACACAGGGCTTTATTGTAAGCCTATCCATTTTCTAAAAGGAGGAAAAGAT
2316542	-	2316436	106	llmg_2362	rplO	50S ribosomal protein L15	AGTCTGTTAATAGACAAATAAATATATTGAAGTATCGGCGAGTTTAATTTTCACGTTCCTTACATGAAAATTAGGCGACAGCAAGGTACAAAATAAGGAGAAAAAA
2361174	-	2361057	117	llmg_2418		rRNA large subunit methyltransferase	ATAAATTTAAGAATTTATAAATGTTTTTATTGCCTAAGGTGTAAAAGTGAGTAAAAAATTGGGGAAAAAGTTTTTAATTTTTAAGTAATAAAAGCTTTGATTGGGAGAAAAATAAAG
2381503	-	2381390	113	llmg_2430	rpsB	30S ribosomal protein S2	GTTGCTATGCAACCATCTCGCATTTCGTCTCGACAAAGTCGTAGTGTACGCAAGTATTGCGGCTGCGGATGACAGATGAAAGAGGAAAAACTATTTTAAAAGGAGACATTAAC
2409695	-	2409555	140	llmg_2457		hypothetical protein	AAGTTGACGAGGAGTAATAAAGCAAGACTTATAGAGAGAACACGGCTGGTGAAAGTGTTCAGTCAAACTTTATGAAGGTTGCGTCATTTCAAGAAATAATTGCTGACAAAAGTCCTGTCAGTAATTATGACATAAAATGA
2433376	+	2433658	282	llmg_2477		lysine specific permease	TAACACATCGATAGAGGTCGCAACTGATATGAATCTACGCCGAGTTGGAGCACAACAAAGACGCGTATTAGAGGGGGAGAAGTTGCCGAAAGAATTTTGACGCTCAGCAAAGTTCTTGGGCTAGTGAGGAAAACTCACTAGACTGTCGCAAATGGTTAAGAACCATGCGGAGGGCTATTCGTTCAAGAAAATTTTTAAAATTTTGTCGGACCTTTAGCAATCTATTCTATCTAGTAGGATTGCTTTTTTTGTTTTTCTCAGACTTTTCTAAACTAAACAGGA
2465577	-	2465410	167	llmg_2509	mreC	rod shape-determining protein MreC	ACGAGTAAGAAGAACTTATACAATGATCATATTGAAAAAATATAATTCAAGAAGAGAGATGTTATAAGAGGTATTTTTGCATTGGGCAAAAAGCGATGTGAAATCACATGGCTTTCGAACCTAAAAGAGATGGGTTTGAAACGTATTACTGAAGGGAACCTAGAATA
2506490	-	2506388	102	llmg_2546	rpIM	50S ribosomal protein L13	GGTATTGTTTACCCCATTTTTGTGGCCCCGGAAACCCAAAAATACTTTGCAGGACTCTTACACCTGCTGTAAACAAATTCTAGTAAAAGGAAAATAACCAAA
2506683	+	2506786	103	llmg_2547		hypothetical protein	AATAGATAGATTTATAAAATACATATTAAATAGAGCTTTTTTAATTTTTTATTCAGTTGATTTAGAAAAAGTGTATATCTATTTTAGAAAAGAGGAGAATAGT
2517968	-	2517664	304	llmg_2558	rpsl	30S ribosomal protein S12	GGTACTTTTTACTTTGGACTCTCAGGAGAACTTGTATAAGTTGCTAAACTTCTTGTCAGAACTTGGCTTAAGCGACCATATACTGACTAAAAAATTGATAAAAGAAATTGAGTTCGATTTCCCATATTCTAGGAAAATAGACAAATGTTTCCAAGGAACTTCGTTCCTCTCCAACATTTTCTAATTTTCTACGAATATAAACGGTCAATCTCACATCTTAATCATCCAATAAAAAGAAAGGAATGCTTTTGTATTTCTCATCGCTTCGCAGAAATGTGGAAAAATATAAAAAGCAGACAGTAAA
